SKU,Title,Sessions,Units,Conversion_%,Revenue_£,AOV_£
ALP31 - 003,Oatly Barista Oat Drink Long Life 6x1Litre,99541.0,10.0,0.01,169.6,16.96
CAN23 - 007 Prime,Pepsi Max No Sugar Cola Cans 24 x 330ml,56054.0,6.0,0.01,112.44,18.74
TEA50,PG Tips Original | Black Tea Bags Bulk | One Cup | Refreshing & Flavourful | Ideal For Office Catering | 1100 Plant Based Biodegradable Square Teabags,10916.0,2.0,0.02,60.4,30.2
COF06 - 004,Kenco Smooth Instant Coffee - 1 x 750g Tin,7197.0,2.0,0.03,79.5,39.75
TEA11 - 012,"Yorkshire Tea, One Cup Tea Bags 3 Kg",5737.0,2.0,0.03,68.76,34.38
CLE01B - 002,"Fairy Original Hand Dish Washing Up Liquid, Pack of 2 X 5 L",5476.0,3.0,0.05,115.53,38.51
DAN10B - 001,Food Connections | Classic Mix Flapjack Bars | 30 x 100g Bars | 6 Delicious Flavours,4653.0,1.0,0.02,25.02,25.02
SWE21 - 001 Prime,"Special Ingredients Crackle Crystals Popping Candy 500g - Suitable for Vegetarians, Non-GMO, Gluten Free, Non-Irradiated",4400.0,5.0,0.11,98.45,19.69
SWE21 - 001,"Special Ingredients Crackle Crystals Popping Candy 500g - Suitable for Vegetarians, Non-GMO, Gluten Free, Non-Irradiated",4400.0,1.0,0.02,19.02,19.02
MONINT03 - 001,"MONIN Premium Salted Caramel Sauce 500ml for Frappes, Desserts, Cocktails, Hot Chocolates and Garnishes. Vegetarian, Nut-Free, Gluten-Free. 100% Natural Flavour. Squeezy Bottle for Easy Use",4227.0,1.0,0.02,12.06,12.06
CLE01B - 003,( 5ltr Pack ) Fairy Professional Washing Up Liquid Original 5L,4116.0,1.0,0.02,20.69,20.69
MONINS32 - 001 Prime,"MONIN Premium Blueberry Syrup 700ml for Cocktails and Mocktails. Vegan-Friendly, Allergen-Free, 100% Natural Flavours and Colourings",4100.0,10.0,0.24,139.7,13.97
CLA03B - 009,"Callebaut Milk Chocolate Callets, 823-1 kg - 33.6% Cocoa, Finest Belgian Chocolate Buttons",4016.0,32.0,0.8,807.36,25.23
CAW10 - 001,Cawston Press Rhubarb Fizzy Drink Blended With Sparkling Water and Pressed Apple Juice (330ml x 24 cans) | Gluten Free - Vegan - No Added Sugar,3928.0,2.0,0.05,63.18,31.59
SAL03A - 001,"Maldon - Sea Salt Flakes, Unique Pyramid Shaped Salt Flakes, Perfect for a Wide Range of Dishes, Hand-Harvested for Four Generations, 1.4kg Tub",3425.0,3.0,0.09,68.16,22.72
OIL27A - 002 Prime,KTC 100% Pure Coconut Oil 500ml (Pack of 3),3311.0,1.0,0.03,13.99,13.99
GRA19 - 002,"Bisto Flavoursome & Delicious Gluten Free Fine Gravy Granules for Hearty Family Mealtimes, 1.9 kg Tub (Pack of 1)",3266.0,5.0,0.15,111.8,22.36
BAK01 - 009 Prime,500g Fermipan Yeast Instant Dried Yeast Baker Bakery Baking Bread Dough Catering,3105.0,10.0,0.32,78.6,7.86
BAK01 - 009,500g Fermipan Yeast Instant Dried Yeast Baker Bakery Baking Bread Dough Catering,3105.0,8.0,0.26,58.09,7.26
GRA04 - 001 Prime,"Bisto The Original Gravy Powder Just Add to Roasting Juices, 3 kg Tub (Pack of 1) - Packaging may vary",3066.0,21.0,0.68,694.68,33.08
CHO00 - 001,Cacao Barry Amber Cocoa Powder Extra Brute 1kg,2988.0,2.0,0.07,54.51,27.26
CHO00 - 002,Cacao Barry Amber Cocoa Powder Extra Brute 1kg,2988.0,38.0,1.27,913.64,24.04
Chef William - 001 Uk shipping,Onion Powder & Garlic Powder 500g Each - Chef William - Large Shaker Jar,2956.0,10.0,0.34,124.9,12.49
Chef William - 001 Prime,Onion Powder & Garlic Powder 500g Each - Chef William - Large Shaker Jar,2956.0,336.0,11.37,4196.64,12.49
CHO30A - 002 Prime,"Mars, Kinder, Cadbury and Nestle Chocolate Bulk Buy (Kit Kat 4 Finger 24 x 41.5g Box, (1 Pack))",2937.0,27.0,0.92,521.64,19.32
NAPKIN82 - 001 Prime,Kleenex® Take a Moment Collection Tissues - 12 Cube Tissue Boxes - in Aid of Mind - Contains 4 Different Designs,2813.0,1.0,0.04,26.95,26.95
ORI23 - 001,Mae Ploy Massaman Curry Paste - 400gram,2755.0,1.0,0.04,6.95,6.95
SPR32 - 001,"ManiLife Original Roast Smooth Peanut Butter, 900g Tub - Small Batch Vegan Peanut Butter Made from Single Origin Grade-A Argentine Peanuts - No Palm Oil, No Added Sugar, No GMOs",2727.0,1.0,0.04,20.53,20.53
FENTIM009 - 001 Prime,Fentimans Rose Lemonade - Botanically Brewed Lemonade made with Lemon Juice - Exquisitely Crafted & Refreshing Soft Drinks - Gluten-Free and Vegan Friendly Soft Drinks - 12 x 275ml Bottles,2713.0,2.0,0.07,56.34,28.17
JAM03B - 009 Prime,Country Range Assorted Jam Portions - 1x100x20g,2538.0,7.0,0.28,111.86,15.98
FENTIM010 - 001 Prime,Fentimans Traditional Victorian Lemonade - Botanically Brewed Lemonade with Lemon Juice - Exquisitely Crafted & Refreshing Soft Drinks - Gluten-Free and Vegan Friendly Soft Drinks - 12 x 275ml Bottles,2494.0,2.0,0.08,45.84,22.92
FENTIM001 - 001 Prime,Fentimans Curiosity Cola - Botanically Brewed Cola - Exquisitely Crafted & Refreshing Soft Drinks - Gluten-Free and Vegan Friendly Soft Drinks - 12 x 275ml Bottles,2467.0,1.0,0.04,27.84,27.84
CAN14B - 001 Prime,San Pellegrino | Lemon Sparkling Soft Drinks | 6 X 4 330Ml | 24 Cans,2450.0,16.0,0.65,418.53,26.16
UHT31B - 005 prime,Jersey Dairy Jersey Dairy Luxury Dairy Ice Cream Mix x 1 Litre,2434.0,60.0,2.47,520.29,8.67
UHT31B - 005,Jersey Dairy Jersey Dairy Luxury Dairy Ice Cream Mix x 1 Litre,2434.0,14.0,0.58,114.1,8.15
ORI08C - 001,"Lee Kum Kee Gluten Free Oyster Sauce, 2.31 kg (Pack of 1)",2413.0,8.0,0.33,131.99,16.5
ORI06B,"Lee Kum Kee Sweet and Sour Sauce, Professional Range Bulk Size, Vegan, 2.3 kg (Pack of 1)",2346.0,2.0,0.09,33.08,16.54
ORI06B Prime,"Lee Kum Kee Sweet and Sour Sauce, Professional Range Bulk Size, Vegan, 2.3 kg (Pack of 1)",2346.0,1.0,0.04,17.12,17.12
MONINS21,"MONIN Premium Tiramisu Syrup 700ml for Coffee, Baking and Cocktails. Vegan-Friendly, Allergen-Free, 100% Natural Flavours and Colourings",2256.0,1.0,0.04,13.68,13.68
UHT03 - 002 Prime,Kerrymaid Whipping UHT 1L,2253.0,1.0,0.04,8.21,8.21
MONINS27 - 003 Prime,Monin Premium Passionfruit Syrup for Cocktails and Mocktails Passionfruit Martini Flavouring Syrup 700ml,2252.0,237.0,10.52,3242.16,13.68
MONINS27 - 003,Monin Premium Passionfruit Syrup for Cocktails and Mocktails Passionfruit Martini Flavouring Syrup 700ml,2252.0,42.0,1.87,546.42,13.01
CAL03B - 002,Callebaut Chocolate Callets -Milk- 1 kg,2120.0,28.0,1.32,722.68,25.81
BUNDLE001 - 002,"Callebaut, Milk, Dark & White chocolate chips (3 x 1kg Bundle)",2108.0,1.0,0.05,64.7,64.7
ORI01 - 002 Prime,"Blue Dragon Original Thai Sweet Chilli Dipping Sauce 1L | Medium Heat | Perfect With Goujons, Wraps, Burgers, Chicken, Halloumi & More",2064.0,1.0,0.05,10.51,10.51
RUMMO008 - 009 Prime,"Rummo Rigatoni Pasta No.50 - Premium Italian Tube Pasta, Expertly Ridged for a Robust Sauce Retention, 500 g (Pack of 1)",2000.0,7.0,0.35,48.09,6.87
CAL02A - 003,Callebaut Select 811 Dark Chocolate Callets 1 kg,1971.0,1.0,0.05,24.82,24.82
MONINS07,"MONIN Premium Chai Tea Concentrate 700ml for Chai and Cocktails. Vegan-Friendly, Allergen-Free, 100% Natural Extracts and Colourings",1957.0,2.0,0.1,27.94,13.97
BAR80 - 001 Prime,Walkers Quavers Cheese Snacks Crisps 20g (Pack of 32),1944.0,1.0,0.05,31.65,31.65
MAY25A - 003,Kewpie Mayonnaise 15.87oz/450g Pack Of 3,1879.0,1.0,0.05,19.98,19.98
MAY25A - 003 Prime,Kewpie Mayonnaise 15.87oz/450g Pack Of 3,1879.0,77.0,4.1,1528.15,19.85
MONINS33 - 001 Prime,"MONIN Premium Blackberry Syrup 700ml for Cocktails and Mocktails. Vegan-Friendly, Allergen-Free, 100 Percent Natural Flavours and Colourings. Sugar Syrup",1850.0,9.0,0.49,125.73,13.97
PAS03 - 001,Triple Lion Professional Chef's Fusilli Twists 100% Durum Wheat Semolina Pasta 3kg,1844.0,61.0,3.31,601.05,9.85
CLE01B - 008,"FAIRY PX03351 Original Hand Dish Washing Liquid, 5 L",1818.0,1.0,0.06,20.69,20.69
EAGERO001 - 001,"Eager Smooth Orange Juice 100% Squeezed, Refreshing Fruit Drink, No Bits, NFC Not From Concentrate, 1 Litre (Pack of 8)",1768.0,10.0,0.57,355.5,35.55
GRA02B,"Bisto Flavoursome & Delicious for Meat Gravy Granules for Hearty Family Mealtimes, 1.8 kg Tub (Pack of 1)",1764.0,1.0,0.06,19.96,19.96
TAYLOR010 - 004 Prime,Taylors of Harrogate Lapsang Souchong Tea 20 Wrapped & Tagged Tea Bags (Pack of 3),1763.0,40.0,2.27,442.8,11.07
CAL01A - 002 uk shipping,Callebaut Dark Chocolate Drops 70% 400g Bag,1735.0,45.0,2.59,623.25,13.85
CAL01A - 002,Callebaut Dark Chocolate Drops 70% 400g Bag,1735.0,30.0,1.73,457.1,15.24
CAL04AA,"Callebaut Select W2 White Chocolate Callets, 1 kg",1715.0,2.0,0.12,48.56,24.28
CAL000000,"Callebaut Select W2 White Chocolate Callets, 1 kg",1715.0,127.0,7.41,3160.1,24.88
MONINS05,"MONIN Premium Chocolate Syrup 700ml for Coffee and Cocktails. Vegan-Friendly, Allergen-Free, 100% Natural Flavours and Colourings",1701.0,8.0,0.47,109.44,13.68
GIN02 - 002,"Yutaka Sushi Gari Pickled Ginger Non-Coloured – Premium Grade 1.6kg | Authentic Japanese Sushi Ginger | No Artificial Colouring | Vegan-Friendly & Ready to Serve|Ideal for Sushi, Sashimi & Bento Boxes",1673.0,1.0,0.06,9.21,9.21
BAK01 - 008 Prime,New Fermipan Instant Red Dried Yeast 500g,1658.0,3.0,0.18,23.58,7.86
BAK01 - 005,New Fermipan Instant Red Dried Yeast 500g,1658.0,2.0,0.12,14.48,7.24
UHT02C - 006,120 Café Maid Luxury Coffee Creamer Long Life Individual Portions,1619.0,3.0,0.19,45.59,15.2
CER21A - 001,"Weetabix, Breakfast, Packed with Fibre, High in Vitamin D, Source of Iron, 96 Portions of 1 Biscuit (18g)",1586.0,5.0,0.32,142.19,28.44
RIC25D,"Yutaka Sushi Rice 500g (Pack of 6) | Premium Japanese Short-Grain Rice for Sushi & Onigiri | Perfect Sticky Texture & Natural Sweetness | Ideal for Sushi Making, Rice Bowls & Japanese Cuisine",1544.0,3.0,0.19,39.57,13.19
CAL51,"Callebaut N° W2 Finest 28% Belgian White Chocolate Couverture (Callets), 400 g",1540.0,1.0,0.06,13.79,13.79
CAL04B - 002,"Callebaut N° W2 Finest 28% Belgian White Chocolate Couverture (Callets), 400 g",1540.0,4.0,0.26,57.44,14.36
SWE01 - 005 Prime,"Walkers Shortbread Catering Assorted Biscuit Twin Packs, Golden Oat, Belgian Chocolate, Salted Caramel & Stem Ginger Biscuits (100 x 25g)",1517.0,1.0,0.07,25.91,25.91
CAL52A,Callebaut Milk Chocolate Chips (callets) 400g,1514.0,11.0,0.73,157.19,14.29
MONINF001 a,"Monin Vanilla Frappe Mix 1.36kg Tub - Flavoured Coffee Powder for Coffee Shops - Coffee Roast Level, total_eaches",1429.0,42.0,2.94,1217.54,28.99
TRU13 - 001 Prime,TruffleHunter - Minced Black Truffle - Preserved Truffles in Extra Virgin Olive Oil - 80g,1417.0,2.0,0.14,46.18,23.09
COL09,"Colman's Original English Mustard Powder, 454 g",1380.0,7.0,0.51,115.57,16.51
SAL02B - 001 Prime,Chef William Table Salt - 6kg,1322.0,45.0,3.4,568.35,12.63
SAL02B - 001,Chef William Table Salt - 6kg,1322.0,8.0,0.61,96.48,12.06
SAL21 - 002,"Le Guerandais Celtic Coarse Grey Sea Salt In 1kg Bags, Hand Harvested In Guerande/France",1262.0,33.0,2.61,221.76,6.72
SAL21 - 002 Prime,"Le Guerandais Celtic Coarse Grey Sea Salt In 1kg Bags, Hand Harvested In Guerande/France",1262.0,9.0,0.71,65.43,7.27
CAL04A - 007,Callebaut Select White Chocolate Baking Callets 1 kg,1190.0,30.0,2.52,753.4,25.11
FENTIM007 - 002,"Fentimans Mandarin and Seville Orange Jigger - Natural Botanically Brewed Orange Drink - Perfect Mixer - Low Calorie, Gluten-Free and Vegan Soft Drinks - 12 x 275ml",1189.0,7.0,0.59,158.13,22.59
EAGERP001 - 001,"Eager Cloudy Pineapple Juice 100% Pressed, Refreshing Fruit Drink, NFC Not From Concentrate, 1 Litre (Pack of 8)",1185.0,2.0,0.17,65.98,32.99
CAL09 - 002,Callebaut Milk Couverture Power 41 Chocolate 2.5kg,1168.0,1.0,0.09,55.15,55.15
CAL09 - 002 prime,Callebaut Milk Couverture Power 41 Chocolate 2.5kg,1168.0,23.0,1.97,1281.57,55.72
HEI32A - 001 Prime,HP Brown Sauce 2.3kg,1156.0,3.0,0.26,50.79,16.93
CLE04 - 001,Jantex Professional Kitchen Multi-Surface Cleaner and Sanitiser Spray - Odourless and Ready To Use | 750ml | Antibacterial BS EN 1276 | CF968,1142.0,21.0,1.84,141.54,6.74
CLE04 - 001 Prime,Jantex Professional Kitchen Multi-Surface Cleaner and Sanitiser Spray - Odourless and Ready To Use | 750ml | Antibacterial BS EN 1276 | CF968,1142.0,42.0,3.68,311.22,7.41
MONINS09,"MONIN Premium Green Mint Syrup 700ml for Cocktails and Mocktails. Vegan-Friendly, Allergen-Free, 100% Natural Flavours",1141.0,15.0,1.31,168.15,11.21
UHT02C - 002,Cafe Maid Luxury Coffee Creamer Pots 12 ml (Pack of 120),1135.0,1.0,0.09,14.8,14.8
FRU18E - 001 Prime,Opies Cocktail Cherries with Stems 950g Jar,1106.0,40.0,3.62,476.0,11.9
FRU18E - 001,Opies Cocktail Cherries with Stems 950g Jar,1106.0,5.0,0.45,56.15,11.23
ORI300C - 008 Prime,"KTC Fried Onions, 400 g, Pack of 12",1101.0,4.0,0.36,120.64,30.16
LAV03 - 007 Prime,"Lavazza, Caffè Decaffeinato, Ground Coffee, 8 Packs of 250 g, Ideal for Moka Pot, Filter Machine and French Press, Aromatic Notes of Dried Fruits, Arabica and Robusta, Intensity 3/10, Medium Roasting",1053.0,4.0,0.38,268.66,67.17
CAL03A - 010 Prime,"Callebaut Finest Belgian Milk Chocolate, 400 g",1043.0,8.0,0.77,114.32,14.29
BAR04A - 001 uk shipping,Yutaka Wasabi Peas 2kg | Crunchy Japanese Snack with Spicy Wasabi Kick – Gluten-Free,1024.0,1.0,0.1,18.57,18.57
BAR04A - 001,Yutaka Wasabi Peas 2kg | Crunchy Japanese Snack with Spicy Wasabi Kick – Gluten-Free,1024.0,13.0,1.27,248.95,19.15
ORI04C - 001,"Lee Kum Kee Hoisin Sauce, Vegan, 2.56 kg (Pack of 1)",1019.0,1.0,0.1,17.12,17.12
UHT03B - 001 Prime,Parkers Kerrymaid UHT Double Cream 1 Litre,1001.0,99.0,9.89,832.88,8.41
UHT03B - 001,Parkers Kerrymaid UHT Double Cream 1 Litre,1001.0,29.0,2.9,223.04,7.69
CAL02A - 009,Callebaut Select Dark Chocolate Baking Callets 1 kg,999.0,55.0,5.51,1352.45,24.59
HOT19,Cadbury Instant Hot Chocolate Sachets 28 g (Pack of 50),997.0,21.0,2.11,522.48,24.88
HOT19 Prime,Cadbury Instant Hot Chocolate Sachets 28 g (Pack of 50),997.0,8.0,0.8,220.08,27.51
COR50 - 006 Prime,"Bottle Green Elderflower Cordial, 500ml",989.0,8.0,0.81,73.36,9.17
FENTIM008 - 001,Fentimans Raspberry Lemonade - Botanically Brewed Soft Drink - Exquisitely Crafted & Refreshing Soft Drinks Soft Drinks - Gluten-Free and Vegan Friendly Soft Drinks - 12 x 275ml Bottles,982.0,2.0,0.2,45.18,22.59
CAL02B - 001,"Callebaut Finest Belgian Dark Chocolate, Brown, 400 g",943.0,2.0,0.21,28.6,14.3
CAL02B - 003,"Callebaut Finest Belgian Dark Chocolate, Brown, 400 g",943.0,6.0,0.64,89.28,14.88
POTNO001 - 002 Prime,Pot Noodle Chicken & Mushroom Standard Pot Noodle instant vegetarian snack quick to make noodles 12x 90 g,936.0,1.0,0.11,22.42,22.42
EAGERT001 - 001 uk shipping,"Eager Tomato Juice 100% Pressed, Refreshing Fruit Drink, NFC Not From Concentrate, 1 Litre (Pack of 8)",911.0,11.0,1.21,288.59,26.24
OIL02G - 002,"Lefktro Extra Virgin Olive Oil 5L, Pure Spanish Olive Oil, Perfect For Everyday Cooking, Marinades And Salad Dressings, Great Store Cupboard Staple, 1 x 5 Litre Bottle",887.0,31.0,3.49,1119.99,36.13
OIL02G - 002 Prime,"Lefktro Extra Virgin Olive Oil 5L, Pure Spanish Olive Oil, Perfect For Everyday Cooking, Marinades And Salad Dressings, Great Store Cupboard Staple, 1 x 5 Litre Bottle",887.0,115.0,12.97,4232.55,36.8
TATECU001 - 001,Tate and Lyle Fairtrade Demerara Rough Cut Sugar Cubes 1 kg,876.0,8.0,0.91,67.44,8.43
Alexander Bundle - 001 Prime,"Alexander Brass Mill Salt and Pepper Grinders, 20.32 cm, Set of 2",872.0,22.0,2.52,2658.45,120.84
EAGERC001 - 001,"Eager Cranberry Juice Naturally Sweetened, Refreshing Fruit Drink, 1 Litre (Pack of 8)",854.0,3.0,0.35,98.61,32.87
HON27C - 002,Rowse Runny Honey 3.17kg,851.0,66.0,7.76,1320.34,20.01
CHO28A - 002,Original SNICKERS Chocolate BAR 24 x 50g Full Box Fresh Stock,809.0,15.0,1.85,255.13,17.01
CHO28A - 002 Prime,Original SNICKERS Chocolate BAR 24 x 50g Full Box Fresh Stock,809.0,10.0,1.24,174.5,17.45
MONINS11,"MONIN Premium Gingerbread Syrup 700ml for Coffee and Cocktails. Vegan-Friendly, Allergen-Free, 100% Natural Flavours and Colourings",794.0,1.0,0.13,13.68,13.68
RUMMO011 - 001,"Rummo Gluten Free Penne Pasta No.66 - Premium Italian Pasta, Crafted for Perfect Texture & Taste, 400 g (Pack of 1)",793.0,1.0,0.13,7.21,7.21
CHO31B - 016,Mars Chocolate Bars Milk Chocolate Bulk Gift Treat Office Box 51g Pack Of 24 Bars,793.0,23.0,2.9,457.7,19.9
MONINT03 - 004,"Premium Salted Caramel sauce | 2 x Monin Salted Caramel Sauce 500ml for Mochas, Coffee, Chocolate, Dessert Sauce, ice cream topping and more",757.0,25.0,3.3,449.75,17.99
WRA02 - 001,"We Can Source It Ltd - Wrapmaster 4500 Cling Film – 45cm x 300m, 3 Rolls – Premium Kitchen Wrap for Professional Catering, Food Preservation, and Freezing – Compatible with Wrapmaster Dispensers",736.0,69.0,9.38,2577.86,37.36
WRA02 - 001 uk shipping,"We Can Source It Ltd - Wrapmaster 4500 Cling Film – 45cm x 300m, 3 Rolls – Premium Kitchen Wrap for Professional Catering, Food Preservation, and Freezing – Compatible with Wrapmaster Dispensers",736.0,8.0,1.09,291.74,36.47
FLO19C - 007 Prime,Doves Farm | Gluten Free Brown Bread Flour | 1 x 1kg,736.0,6.0,0.82,46.02,7.67
FOL05 - 001,Folkingtons Pure Pressed Valencia Orange Juice - 12 x 250ml Bottles,735.0,9.0,1.22,220.5,24.5
WRA01 - 001 uk shipping,"We Can Source It Ltd - Wrapmaster 3000 Cling Film – 30cm x 300m, 3 Rolls – Premium Kitchen Wrap for Professional Catering, Food Preservation, and Freezing – Compatible with Wrapmaster Dispensers",731.0,9.0,1.23,244.11,27.12
WRA01 - 001,"We Can Source It Ltd - Wrapmaster 3000 Cling Film – 30cm x 300m, 3 Rolls – Premium Kitchen Wrap for Professional Catering, Food Preservation, and Freezing – Compatible with Wrapmaster Dispensers",731.0,25.0,3.42,671.37,26.85
VIN55A,Belazu Balsamic Pearls 55g,730.0,1.0,0.14,10.89,10.89
TOO09 - 001 Prime,"Alexander Home The Original European Mill (Brass, 8-Inch Salt)",724.0,18.0,2.49,1121.22,62.29
BAK13A - 001 Prime,Irca 'Praline Noisette' - Hazelnut Praline Paste 1kg,719.0,1.0,0.14,30.36,30.36
CRI39 - 001 Prime,Brown Bag Aberdeen Angus Beef & Onion Crisps 20 x 40gm,717.0,59.0,8.23,1095.31,18.56
FLO16 - 006,Doves Farm | Rye Flour Wholegrain Organic | 2 X 1Kg,706.0,1.0,0.14,9.03,9.03
TAR31-001,Pidy Zakouski Mini Round Vol Au Vent Cases - 96 Portions,668.0,6.0,0.9,132.96,22.16
TAR31-001 Prime,Pidy Zakouski Mini Round Vol Au Vent Cases - 96 Portions,668.0,141.0,21.11,3206.84,22.74
OLI07 - 002,Premium Quality Nocellara Olives 1.5kg tub - Green Olive with Stone - Nocellara Del Belice Olives - 100% Sicilian - Packed with Olive Oil and Rapeseed Oil - Freshly Packed in Britain - Vegan!,663.0,28.0,4.22,422.52,15.09
HOT04B - 005,Bovril Beef Flavoured Drink - 3 x 450G,661.0,1.0,0.15,42.61,42.61
ORI51C,Premium Grade Wakame 500g,658.0,5.0,0.76,65.65,13.13
BUNDLE007 - 001,"Callebaut 4 x 400g Bundle - Finest Belgian Dark, Milk & White Chocolate Couverture (Callets)",658.0,30.0,4.56,1259.4,41.98
ORI51C uk shipping,Premium Grade Wakame 500g,658.0,16.0,2.43,199.36,12.46
UHT31C - 001 Prime,Jersey Dairy Jersey Dairy Luxury Chocolate Ice Cream Mix x 1 Litre,646.0,10.0,1.55,116.1,11.61
MONINS41 - 002 Prime,"MONIN Elderflower, 1.17 cl",644.0,14.0,2.17,191.52,13.68
TAR11 - 001,"Pidy Sweet Tartlet Sable, 9.5 cm - Pack of 108",643.0,6.0,0.93,292.92,48.82
FLO18,"KTC Gram Flour, 2 kg",638.0,1.0,0.16,8.17,8.17
HON27C - 001 Prime,Rowse Clear Blossom Honey Catering Pack 3.17 kg,633.0,4.0,0.63,70.0,17.5
Bundle - 203 Prime,"Crusha Milkshake Bundle - Raspberry, Banana and Strawberry (3 x 1ltr)",626.0,132.0,21.09,2591.78,19.63
CRI11 - 002 Prime,Walkers Cheese & Onion Crisps 32.5g (case of 32),618.0,4.0,0.65,105.64,26.41
CAL01 - 010,Callebaut - Dark - 70.5% Callets - 2.5kg - (Sold by Parkers Foodservice) 70-30-38 (1 Pack),614.0,28.0,4.56,1567.72,55.99
CAL01 - 010 Prime,Callebaut - Dark - 70.5% Callets - 2.5kg - (Sold by Parkers Foodservice) 70-30-38 (1 Pack),614.0,33.0,5.37,1614.78,48.93
CHO31B - 008,"Mars, Kinder, Cadbury and Nestle Chocolate Bulk Buy (Mars 24 x 51g Box, (1 Pack))",608.0,39.0,6.41,721.03,18.49
CHO31B - 008 Prime,"Mars, Kinder, Cadbury and Nestle Chocolate Bulk Buy (Mars 24 x 51g Box, (1 Pack))",608.0,85.0,13.98,1642.15,19.32
SWE03E - 001 Prime,Busch Meringue Drops 100gm,607.0,77.0,12.69,499.59,6.49
SWE03E - 001,Busch Meringue Drops 100gm,607.0,41.0,6.75,235.13,5.73
COM01A - 001,Callebaut - Pure Pistachio Paste 1kg,603.0,6.0,1.0,692.76,115.46
JUI02C - 002,Lazy Lime Finest Lime Juice 1 Litre,596.0,25.0,4.19,196.5,7.86
JUI02C - 002 Prime,Lazy Lime Finest Lime Juice 1 Litre,596.0,36.0,6.04,310.28,8.62
TAYLOR021 - 001 Uk shipping,"Taylors of Harrogate Decaffe Ground Roast Coffee, 200 g (Pack of 6 - Total 1.2kg)",594.0,6.0,1.01,185.88,30.98
TAYLOR021 - 001 Prime,"Taylors of Harrogate Decaffe Ground Roast Coffee, 200 g (Pack of 6 - Total 1.2kg)",594.0,8.0,1.35,255.28,31.91
ELSIN001 - 001,Elsinore Lumpfish Caviar 100g,592.0,121.0,20.44,1148.29,9.49
SAU52C - 001,"Wikinger 30 Hot Dogs Beechwood Smoked Bockwurst Style in Brine, 3000g",577.0,1.0,0.17,19.14,19.14
SAU52C - 001 Prime,"Wikinger 30 Hot Dogs Beechwood Smoked Bockwurst Style in Brine, 3000g",577.0,8.0,1.39,151.92,18.99
FOL04 - 001 Prime,"Folkington's Fruit Juice, Mango Juice, 12 Glass Bottles, Pure Juice, Multipack 12 x 250 ml",573.0,4.0,0.7,96.37,24.09
CAW14 - 001,Cawston Press Fizzy Drink Blended with Sparkling Water and Squeezed Seville Oranges (330ml x 24 cans) Gluten Free - Vegan - No Added Sugar,572.0,1.0,0.17,31.59,31.59
COL05 - 009 uk shipping,"Colman's Fresh Garden Mint Sauce, 2.25 Litre",571.0,1.0,0.18,20.86,20.86
COL05 - 009,"Colman's Fresh Garden Mint Sauce, 2.25 Litre",571.0,1.0,0.18,21.44,21.44
Bundle - 216 Prime,"Crusha Bundle - Banana, Chocolate & Strawberry - 3 x 500ml",567.0,101.0,17.81,1149.91,11.39
SEE02B - 001 Prime,Old India Black Sesame Seeds 1 Kg,567.0,4.0,0.71,46.0,11.5
Bundle - 009,"Crusha Milkshake Banana, Chocolate and Strawberry Bundle (3 x 1ltr) F",564.0,4.0,0.71,75.96,18.99
TAYLOR021 - 002,"Taylors of Harrogate Decaffé Ground Coffee, Roast 4, 200 g Bag (Pack of 1)",551.0,26.0,4.72,218.92,8.42
CLE01HA - 001, ,547.0,113.0,20.66,2407.21,21.3
BUNDLE025 - 001,Monin Coffee Syrup in Pumpkin Spice 70cl Glass Bottle & 70cl Monin Pump Set,542.0,2.0,0.37,35.58,17.79
CUR07 - 001,"Knorr Patak's Professional Tandoori Paste, 1.1kg",525.0,1.0,0.19,19.1,19.1
EGG04,Chefs Brigade Cooked and Peeled Quail Eggs - 1x48,524.0,18.0,3.44,429.47,23.86
CRUSHA001 - 003 Prime,"Crusha Milk Shake Syrup 1ltr (Banana, 1)",521.0,91.0,17.47,900.9,9.9
CRUSHA001 - 003,"Crusha Milk Shake Syrup 1ltr (Banana, 1)",521.0,26.0,4.99,239.72,9.22
HON07 - 001 Prime,Roquito Hot Honey Drizzle,520.0,6.0,1.15,60.12,10.02
FENTIM001 - 003 Prime,"Fentimans Curiosity Cola, 275ml Bottles, Pack of 12",518.0,55.0,10.62,1371.13,24.93
CLE66 - 009,"LENOR Summer Breeze Super Concentrate, Benzisothiazolinone, No, 4 l (Pack of 1)",506.0,10.0,1.98,151.2,15.12
VIN02F - 004,(Pack of 2) Sarson's Malt Vinegar (Plastic Bottle) - 300ml,505.0,5.0,0.99,33.8,6.76
CHEFPA06A - PR2,"CHEF Jus de Veau Lié Thickened Veal Jus, 900 g",499.0,23.0,4.61,473.53,20.59
CHEFPA06A - 002,"CHEF Jus de Veau Lié Thickened Veal Jus, 900 g",499.0,5.0,1.0,100.16,20.03
GIN03 - 001,Yutaka Sushi Ginger Pink (P0010c) - 1KG,498.0,1.0,0.2,9.63,9.63
CHO26 - 001 Prime,Cadbury Standard Crunchie Chocolate Bar - 40g (Pack of 48),490.0,1.0,0.2,32.06,32.06
CAL32A - 001,Callebaut Finest Belgian Gold Chocolate with Caramel Couverture Callets 400g,490.0,1.0,0.2,16.19,16.19
FLO19C - 006 Prime,Doves Farm | Gluten Free Brown Bread Flour | 3 x 1kg,487.0,1.0,0.21,14.27,14.27
MAY26B - 001 uk shipping,Premium Vegan Mayo - Mayonnaise Squeezy 1 Litre Bottle,484.0,9.0,1.86,73.03,8.11
MAY26B - 001,Premium Vegan Mayo - Mayonnaise Squeezy 1 Litre Bottle,484.0,41.0,8.47,350.42,8.55
SOY11 - 002 Prime,"Kikkoman Tamari Gluten free Soy Sauce, 1 Litre, (Pack of 6), Naturally Brewed",483.0,8.0,1.66,394.4,49.3
VIN22B Prime,Fattoria Estense White Balsamic Vinegar (500ml),479.0,6.0,1.25,56.94,9.49
TATECU002 - 003,Tate & Lyle Rough Cut White Sugar Cubes 1kg,477.0,3.0,0.63,22.89,7.63
TATECU002 - 001,Tate & Lyle Rough Cut White Sugar Cubes 1kg,477.0,28.0,5.87,232.4,8.3
MUFFIN024 - 003 Prime,Ambient Mixed Topped Muffins - 16 x 105gm,474.0,10.0,2.11,203.98,20.4
HEI01 - 006,"Heinz Tomato Ketchup, 2.15Ltr",471.0,3.0,0.64,48.39,16.13
HEI01,"Heinz Tomato Ketchup, 2.15Ltr",471.0,6.0,1.27,100.26,16.71
MIL13 - 002,Milfresh Skimmed Milk Powder 2 kg,468.0,1.0,0.21,15.83,15.83
HOT04B - 008 uk shipping,Bovril Beef Flavoured Drink 2 x 450g Catering Tub Granules 180 Servings BRITISH FOOD SHOP (BFSBOV2),463.0,26.0,5.62,761.54,29.29
ALP31A - 006,Oatly Oat Drink Barista Edition 1L | Suitable for vegetarians | (3 Packs),454.0,2.0,0.44,23.98,11.99
SUG16A,La Perruche Rough Sugar Cubes White (1kg),449.0,36.0,8.02,288.72,8.02
HOT06A - 001,"Galaxy Hot Chocolate, Add Milk, 2kg",447.0,2.0,0.45,37.04,18.52
HOT06A - 001 Prime,"Galaxy Hot Chocolate, Add Milk, 2kg",447.0,35.0,7.83,679.44,19.41
PIC05A - 001 Prime,Seasoners Traditional Pickled Onions 2.25kg,446.0,61.0,13.68,914.39,14.99
PIC05A - 001,Seasoners Traditional Pickled Onions 2.25kg,446.0,32.0,7.17,447.68,13.99
Lotus Bundle,Lotus Biscoff Topping Sauce 1kg Squeezy Bottle And Lotus Biscoff Crushed Crumbs 750g Ultimate Dessert Combo Bundle by Choice Masters,444.0,2.0,0.45,39.72,19.86
JAM03B - 001 Prime,Menz and Gasser Assorted Jam Portions - Individual Portions of Delicious Assorted Jam Perfect for Breakfast Travel - Pack of 100 Portions Exp 04/26,442.0,89.0,20.14,1416.88,15.92
JAM03B - 001,Menz and Gasser Assorted Jam Portions - Individual Portions of Delicious Assorted Jam Perfect for Breakfast Travel - Pack of 100 Portions Exp 04/26,442.0,11.0,2.49,168.74,15.34
GRANDM001 - 002 Prime,"Grandma Wilds Biscuits | Individually Wrapped Mixed Flavours x 100 Packs Of 2 Biscuits - Perfect For Meeting Rooms, Hotel Bedrooms, Hairdressers & More",439.0,21.0,4.78,550.83,26.23
CLE35 - 001,"Silvo Tarnish Guard Metal Polish | All Purpose Metal Polish - For Silver, Gold, Aluminum, and Electroplate 175ml",438.0,2.0,0.46,14.98,7.49
VIN02 - 001,"Sarson's - Malt Vinegar PTB, 12 x 300ml, British Vinegar - Classic Taste for Chips, Marinades, Condiments - Traditional UK Recipe, Gluten-Free",436.0,9.0,2.06,187.38,20.82
MACPHI006 x 1,Macphie Créme Brulée 1 Litre,435.0,1.0,0.23,10.1,10.1
CAL100,"Callebaut Chocolate Bundle 3x400g Milk, Dark and White couverture callets",431.0,9.0,2.09,282.21,31.36
CAL100 - PRIME,"Callebaut Chocolate Bundle 3x400g Milk, Dark and White couverture callets",431.0,50.0,11.6,1605.5,32.11
TAYLOR010 - 001,Taylors of Harrogate Lapsang Souchong Tea 20 Wrapped & Tagged Tea Bags,430.0,2.0,0.47,13.4,6.7
MONINS10 Prime,"MONIN Premium Orange Syrup 700ml for Cocktails and Mocktails. Vegan-Friendly, Allergen-Free, 100% Natural Flavours and Colourings.",425.0,11.0,2.59,150.48,13.68
MONINF001 - 001,Monin Vanilla Frappe Mix 1.36kg Tub - Flavoured Coffee Powder for Coffee Shops by Monin,422.0,12.0,2.84,348.6,29.05
CHO01C - 001 Prime,"Cocoa Powder Plein Arome, 1kg",419.0,3.0,0.72,84.93,28.31
SOY03 - 002,Lee Kum Kee Premium 500ml | 2x Dark Soy Sauce | Dark Cooking Soy Sauce 500ml,413.0,4.0,0.97,37.2,9.3
SOY03 - 002 Prime,Lee Kum Kee Premium 500ml | 2x Dark Soy Sauce | Dark Cooking Soy Sauce 500ml,413.0,9.0,2.18,89.55,9.95
FLORA004 - 001,Flora Plant Based Double Cream Alternative 1ltr,412.0,43.0,10.44,420.97,9.79
FOL02 - 001 Prime,"Folkington's Fruit Juice, Cloudy Pear, 12 Glass Bottles, Pure Fruit Juice, Multipack 12 x 250 ml",410.0,12.0,2.93,308.88,25.74
FOL02 - 001,"Folkington's Fruit Juice, Cloudy Pear, 12 Glass Bottles, Pure Fruit Juice, Multipack 12 x 250 ml",410.0,40.0,9.76,1016.4,25.41
RUMMO014 - 001,"Rummo Casarecce No.88 - Artisan Italian Pasta, Ideal for Capturing Rich Sauces, 500g (Pack of 1)",409.0,44.0,10.76,270.6,6.15
FLO19B - 002 Prime,"Doves Farm Gluten Free White Bread Flour, 1kg",399.0,1.0,0.25,7.53,7.53
GHE01C,Cornichons in Vinegar,395.0,15.0,3.8,208.05,13.87
PIC10 - 002,Yutaka Fukujinzuke Mixed Vegetables Pickled 1 kg,395.0,3.0,0.76,23.25,7.75
PIC10 - 001,Yutaka Fukujinzuke Mixed Vegetables Pickled 1 kg,395.0,6.0,1.52,50.52,8.42
JUS01A - 001,Essential Cuisine - Premier Jus - Veal Jus (Concentrated Base) 1kg,391.0,1.0,0.26,31.97,31.97
TATECU001 - 007,"Tate and Lyle Fairtrade Demerara Rough Cut Sugar Cubes, 1kg",387.0,17.0,4.39,143.31,8.43
CAMBR010 - 001,"Cambrook - Dry Roasted Peanuts, 1kg Bag",376.0,72.0,19.15,893.16,12.4
CAMBR010 - 002,"Cambrook - Dry Roasted Peanuts, 1kg Bag",376.0,46.0,12.23,538.2,11.7
FOL03 - 001,"Folkington's Fruit Juice, Cranberry Juice, 12 Glass Bottles, Pure Fruit Juice, Multipack 12 x 250 ml",376.0,10.0,2.66,238.1,23.81
FOL03 - 001 Prime,"Folkington's Fruit Juice, Cranberry Juice, 12 Glass Bottles, Pure Fruit Juice, Multipack 12 x 250 ml",376.0,6.0,1.6,150.96,25.16
CRUSHA005 - 001 Prime,"Crusha Milkshake Mix Chocolate Flavour No Added Sugar, 500 ml",371.0,18.0,4.85,123.66,6.87
CHO28A - 005,"Snickers Caramel Peanut Chocolate Bars 50g - Pack of 24 (1 Box) | Delicious Chocolate, Caramel & Peanuts | Ideal Snack for Energy & Indulgence",368.0,2.0,0.54,56.0,28.0
TILDA002 - 013,"Tilda Pure Basmati Rice, 5kg",368.0,1.0,0.27,22.59,22.59
BEL02A - 001,"Belvoir Farm Sparkling Elderflower Presse - Hand Picked Elderflowers, Traditional Family Recipe, 100% Natural Ingredients, No Artificial Flavourings or Preservatives, Vegan 12 x 275ml Bottles",368.0,2.0,0.54,53.98,26.99
CHO28A - 003,"Snickers Caramel Peanut Chocolate Bars 50g - Pack of 24 (1 Box) | Delicious Chocolate, Caramel & Peanuts | Ideal Snack for Energy & Indulgence",368.0,2.0,0.54,44.0,22.0
COR34A - 004,"Fresher's Juice Drinks 5ltr (No Added Sugar Orange, 1)",365.0,32.0,8.77,338.52,10.58
UHT03 - 001 Prime,Kerrymaid UHT Whipping Cream - 12x1ltr,356.0,4.0,1.12,193.02,48.26
UHT03 - 001,Kerrymaid UHT Whipping Cream - 12x1ltr,356.0,1.0,0.28,48.64,48.64
THAITA014 - 001,"Thai Taste Green Curry Paste, 400g",356.0,8.0,2.25,63.04,7.88
WAF05A - 001 Prime,Askeys - Double Fan Wafers - 1 x 200,356.0,26.0,7.3,981.5,37.75
MED32B - 001 Uk shipping,Sottaceti Rizzi Borettane Onions in Balsamic Vinegar Tin - 2.5kg,353.0,9.0,2.55,156.1,17.34
MED32B - 001,Sottaceti Rizzi Borettane Onions in Balsamic Vinegar Tin - 2.5kg,353.0,35.0,9.92,637.13,18.2
CHO32 - 002,"Chocolate Bulk Buy (Dairy Milk Bars 48 x 45gm Box, (1 Pack))",352.0,2.0,0.57,98.24,49.12
CHO32 - 002 Prime,"Chocolate Bulk Buy (Dairy Milk Bars 48 x 45gm Box, (1 Pack))",352.0,13.0,3.69,586.46,45.11
HEI04 - 001,"Heinz Salad Cream, 2.15Ltr",351.0,15.0,4.27,296.4,19.76
COR50 - 005 Prime,BTL GRN ELDERFLOWER CORD 500ML,350.0,3.0,0.86,27.51,9.17
BAK30 - 001 Prime,Fondant Patissier (Belgofondant) 1kg,349.0,73.0,20.92,668.68,9.16
SPI56A - 001 uk shipping,Centaur Tonka Beans 50g,347.0,68.0,19.6,645.32,9.49
SPI56A - 001,Centaur Tonka Beans 50g,347.0,30.0,8.65,299.7,9.99
PES07C - 001 Prime,"Seggiano Raw Basil Pesto 1KG - Vegan, GMO Free, Gluten Free, Wheat Free, Raw, Vegetarian, and Suitable for Coeliacs - Product of Sicily & Great with Pasta",341.0,18.0,5.28,485.27,26.96
ALP01 - 010,Alpro SOYA Milk Alternative for Professionals Cartons - 12 x1 ltr,341.0,4.0,1.17,106.88,26.72
ALP01 - 010 uk shipping,Alpro SOYA Milk Alternative for Professionals Cartons - 12 x1 ltr,341.0,1.0,0.29,26.39,26.39
Doves Bundle - 001 Prime,Freee Bread Flour Selection Pack - 1 x White Bread Flour 1kg & 1 x Brown Bread Flour 1kg - Total 2 Packets - Free from Gluten,337.0,55.0,16.32,611.6,11.12
CAL03 - 013,Callebaut Finest Belgian Chocolate Select Milk 2.5kg,335.0,4.0,1.19,218.36,54.59
TOO08 - 001 Prime,"Alexander Home The Original European Mill (Brass, 8-Inch Pepper)",334.0,14.0,4.19,896.0,64.0
VALRHO010 - 001 Prime,"Valrhona Chocolat Noir, Guanaja 70%, 1kg",333.0,27.0,8.11,1058.17,39.19
VALRHO010 - 001,"Valrhona Chocolat Noir, Guanaja 70%, 1kg",333.0,7.0,2.1,276.84,39.55
TAYLOR010 - 002,"Taylors of Harrogate Lapsang Souchong Tea, 20 Individually Wrapped & Tagged Tea Bags (Pack of 6)",332.0,48.0,14.46,798.2,16.63
TAYLOR010 - 002 uk shipping,"Taylors of Harrogate Lapsang Souchong Tea, 20 Individually Wrapped & Tagged Tea Bags (Pack of 6)",332.0,1.0,0.3,16.98,16.98
ORI03B Prime,"Lee Kum Kee Plum Sauce, Vegan, 2.6 kg (Pack of 1)",331.0,8.0,2.42,137.88,17.24
FAT03C - 001,Centaur - Duck Fat - 1kg,331.0,24.0,7.25,311.72,12.99
COR51 - 002 Prime,Bottlegreenginger & Lemongrass Cordial 500ml,330.0,4.0,1.21,36.68,9.17
COR51 - 002,Bottlegreenginger & Lemongrass Cordial 500ml,330.0,6.0,1.82,51.0,8.5
COR20A - 003,"Fresher's Juice Drinks 5ltr (Lime, 1)",328.0,6.0,1.83,66.48,11.08
MAY25A - 004,QP Japanese Mayonnaise Condiment Sauce 450g (Pack of 2),328.0,7.0,2.13,94.09,13.44
MAY25A - 004 Prime,QP Japanese Mayonnaise Condiment Sauce 450g (Pack of 2),328.0,67.0,20.43,993.41,14.83
SPI12AA - 003,"Belazu Rose Harissa Paste, 170 g, Pack of 2",327.0,23.0,7.03,259.67,11.29
COR21A - 002,"Fresher's Juice Drinks 5ltr (No Added Sugar Blackcurrant, 1)",322.0,32.0,9.94,361.28,11.29
WRA01 - 003 uk shipping,"We Can Source It Ltd - Wrapmaster 3000 Cling Film – 30cm x 300m, 3 Rolls – Premium Kitchen Wrap for Professional Catering, Food Preservation, and Freezing – Compatible with Wrapmaster Dispensers",321.0,8.0,2.49,223.53,27.94
WRA01 - 003,"We Can Source It Ltd - Wrapmaster 3000 Cling Film – 30cm x 300m, 3 Rolls – Premium Kitchen Wrap for Professional Catering, Food Preservation, and Freezing – Compatible with Wrapmaster Dispensers",321.0,27.0,8.41,736.1,27.26
COR50 - 001 Prime,Bottlegreen Elderflower Cordial (6 x 500ml Bottles,321.0,39.0,12.15,1182.87,30.33
CER25E - 001 Prime,"Alpen Original Swiss Style Muesli Sachets, 45g (30 sachets)",314.0,9.0,2.87,161.41,17.93
CER25E - 001,"Alpen Original Swiss Style Muesli Sachets, 45g (30 sachets)",314.0,10.0,3.18,169.9,16.99
JUS04,Essential Cuisine Premier Red Wine Jus - 1x1.2kg,310.0,6.0,1.94,229.32,38.22
RETAIL026 - 001,"Maille Dijon Original Mustard since 1747 condiment for salads, chicken, and fish 215 g",310.0,1.0,0.32,6.83,6.83
CATER002 - 001 Prime,Caterwrap Aluminium Catering Foil Catering Quality Strong 14Mu 450mm x 75m,308.0,20.0,6.49,279.4,13.97
CHU00E - 001,Geeta's Lime Pickle 1.3kg - Indian Pickle Jar The Real Flavour of India No Artificial Flavours or Colours Ready to Serve Pickles,307.0,9.0,2.93,94.05,10.45
DRI12B-002,"Buchanans Glace Red Cherries, 1 Kg Tub, Perfect For Baking, Decorating Cakes, Tarts, Panettones and Cookies",307.0,43.0,14.01,495.78,11.53
CHU00E - 001 Prime,Geeta's Lime Pickle 1.3kg - Indian Pickle Jar The Real Flavour of India No Artificial Flavours or Colours Ready to Serve Pickles,307.0,17.0,5.54,189.04,11.12
UHT03B - 002,Parkers Kerrymaid UHT Double Cream 12 x 1 Litre,306.0,12.0,3.92,585.84,48.82
UHT03B - 002 Prime,Parkers Kerrymaid UHT Double Cream 12 x 1 Litre,306.0,20.0,6.54,1009.2,50.46
MUS01 - 001 Prime,Merchant Gourmet Chef's Dried Mixed Mushrooms 400g,305.0,1.0,0.33,19.27,19.27
MUS01 - 001,Merchant Gourmet Chef's Dried Mixed Mushrooms 400g,305.0,1.0,0.33,18.6,18.6
PAS06 - 001 Prime,Triple Lion Professional Chef's Macaroni Elbows 100% Durum Wheat Semolina Pasta 3kg,304.0,1.0,0.33,11.79,11.79
TATESY003 - 001,Lyle's Golden Syrup Maple Flavour 2.80kg,304.0,31.0,10.2,386.61,12.47
PAS06 - 001,Triple Lion Professional Chef's Macaroni Elbows 100% Durum Wheat Semolina Pasta 3kg,304.0,24.0,7.89,236.64,9.86
28-U59T-IUF2,Rummo Premium Italian GLUTEN FREE Bundle,302.0,12.0,3.97,164.33,13.69
CAMBR016 - 001,"Cambrook - Giant Chilli Corn, 650g Bag",302.0,1.0,0.33,11.51,11.51
CRI39 - 002 Prime,"BROWN BAG CRISPS ABERDEEN ANGUS BEEF & ONION (20x40g) - Multipack Crisps Bulk, Beef and Onion Crisps | Crisps Multipack Box, Beef Crisps Box | Crisps Share Bag, Sharing Bag | Grab Bag Crisps Pantry",299.0,21.0,7.02,373.97,17.81
CRI39 - 002,"BROWN BAG CRISPS ABERDEEN ANGUS BEEF & ONION (20x40g) - Multipack Crisps Bulk, Beef and Onion Crisps | Crisps Multipack Box, Beef Crisps Box | Crisps Share Bag, Sharing Bag | Grab Bag Crisps Pantry",299.0,10.0,3.34,159.3,15.93
CLE63 - 004,Vanish Oxi Action Stain Remover Powder 2.4Kg - Powerful Stain Removal,299.0,1.0,0.33,24.43,24.43
MAC00 - 001 Prime,Macphie - OTT Toffee Dessert Topping Sauce 500g,295.0,1.0,0.34,7.3,7.3
MAC00 - 001,Macphie - OTT Toffee Dessert Topping Sauce 500g,295.0,2.0,0.68,13.26,6.63
CON12B - 008,"Lea & Perrins Worcestershire Sauce 290 ml, The Original and Authentic, Pack of 4",292.0,5.0,1.71,94.75,18.95
UHT03 - 004 Prime,Parkers Kerrymaid - WHIPPING CREAM - (GREEN) - 1ltr (2),292.0,54.0,18.49,692.45,12.82
CER26A - 003,"Alpen Original Muesli, Breakfast, High in Fibre, Vegetarian, Low Sugar, 950g",292.0,11.0,3.77,86.14,7.83
TATEGR002 - 001,Tate and Lyle Fairtrade Granulated Sugar 25 kg,291.0,1.0,0.34,31.98,31.98
VEG01E - 001,Strianese Peeled Plum Tomatoes 2.5kg,291.0,20.0,6.87,191.8,9.59
DEC11 - 004 Prime,99 Chocolate Flakes 1 x 144 (Pack of 2),290.0,29.0,10.0,1664.8,57.41
CRI30 - uk shipping,Brown Bag Crisps Lightly Salted 40 g (Pack of 20),289.0,5.0,1.73,87.65,17.53
ORI105 - 001,"Yutaka Yuzu Seasoning Sauce 100ml (Pack of 2) | Zesty & Refreshing Japanese Citrus Sauce | Ideal for Marinades, Dressings, Dips & Seafood | Vegan-Friendly",287.0,4.0,1.39,45.2,11.3
PAS70A - 005 Prime,REGGIA Orzo Pasta 500gm (Pack of 5),285.0,30.0,10.53,313.62,10.45
ING04 - 001,"Activated Charcoal Powder 500g Food Grade Coconut Derived Premium Quality - Vegan, Non-GMO, Gluten Free – Recyclable Container",284.0,1.0,0.35,22.51,22.51
BUNDLE022 - 001,Monin Coffee Syrup in Gingerbread 70cl Glass Bottle & 70cl Pump Set,281.0,4.0,1.42,77.52,19.38
TAR10B - 010 Prime,Profiterole Shells 75 x 4cm (1),280.0,43.0,15.36,893.75,20.78
VEG13B - 003,Ballerina Tinned Sweetcorn 2.125kg (Pack of 6),279.0,36.0,12.9,1293.48,35.93
LIO02 - 001,Lion French Mustard 2.27 Litres,277.0,42.0,15.16,544.32,12.96
MED32B - 002,Pickled Onions in Balsamic Vinegar - Borettane Onions in Balsamic Vinegar - Pickled Onions - 2.5 Kg Tin,277.0,33.0,11.91,596.64,18.08
SOY02 - 005 Prime,Lee Kum Kee Premium 500ml | 2x Light Soy Sauce | Light Cooking Soy Sauce 500ml,271.0,10.0,3.69,97.7,9.77
CAL03 - 010 Prime,"Callebaut - 823-33.6% Milk Chocolate Callets - 2.5kg - (Sold by Parkers Foodservice) (Pack of 1, 2500, gram)",271.0,15.0,5.54,796.32,53.09
CATER003 - 001 Prime,CaterWrap Catering Quality Baking Parchment 300mm x 50m,268.0,33.0,12.31,323.53,9.8
CRUSHA002 - 003,"Crusha Milk Shake Syrup 1ltr (Chocolate, 1)",267.0,20.0,7.49,182.68,9.13
CRUSHA002 - 003 Prime,"Crusha Milk Shake Syrup 1ltr (Chocolate, 1)",267.0,55.0,20.6,534.16,9.71
CAN28 - 005,Tango Orange Cans 24 x 330ml-Food 24 x 330ml,266.0,20.0,7.52,372.5,18.62
MED07E - 001 Prime,"The Bay Tree Marinated Mini Figs, 330 g",264.0,24.0,9.09,256.56,10.69
CRI38 - 001,Brown Bag Crisps - Rosemary and Sea Salt 40g (Pack of 20),262.0,2.0,0.76,35.49,17.74
HOT14,Horlicks Original Malt 2g,262.0,6.0,2.29,138.78,23.13
SOY20,[Catering Take Away] - Shoda Soy Sauce 8g*200 Sachets,262.0,5.0,1.91,84.94,16.99
KY-B3GZ-JQ9Y,Brown Bag Crisps - Rosemary and Sea Salt 40g (Pack of 20),262.0,28.0,10.69,518.27,18.51
BAK24 - 001,Callebaut Mycryo Cocoa Butter Powder 600 g,261.0,36.0,13.79,1303.56,36.21
CAN03 - 003,Fanta Orange cans Soft Drinks 330ml x 24,261.0,3.0,1.15,62.31,20.77
BAK24 - 001 not prime,Callebaut Mycryo Cocoa Butter Powder 600 g,261.0,1.0,0.38,35.54,35.54
ORI300C - 006,KTC Crispy Fried Onions - 3 x 400g,257.0,3.0,1.17,33.57,11.19
SAL21 - 001,French coarse sea salt from Guerande Le Guerandais-gros sel de Guerande - 1000 gr,257.0,32.0,12.45,211.2,6.6
CRI50 - 002,Pom-Bear Original (Box of 36 x 19g Bags),254.0,29.0,11.42,695.57,23.99
GRANDM001 - 001 Prime,Grandma Wild's Assorted Biscuits (4 Variety) 100 x 2 Bisc,254.0,25.0,9.84,733.03,29.32
CATER001 - 002 Prime,Essential Phytosterolins Catering Foil - 30cm x 75m,253.0,8.0,3.16,89.68,11.21
FRU44 - 009 Prime,"America's Finest Pumpkin Puree - 100% Pure Pumpkin, 425g (Pack of 6)",250.0,1.0,0.4,23.18,23.18
BAK01 - 010 Prime,Active Dry Yeast Fermipan Red,249.0,48.0,19.28,377.28,7.86
VALRHO012 Prime,Valrhona Jivara 40 Percent Milk Chocolate Bag of Beans 1 kg,249.0,5.0,2.01,213.36,42.67
VALRHO012,Valrhona Jivara 40 Percent Milk Chocolate Bag of Beans 1 kg,249.0,3.0,1.2,124.62,41.54
GRA05 - 004 Prime,Goldenfry Original Gravy Granules 2kg,247.0,17.0,6.88,297.5,17.5
GRA05 - 004,Goldenfry Original Gravy Granules 2kg,247.0,19.0,7.69,322.62,16.98
BOU03 - 005,"Knorr Gluten Free Chicken Paste Bouillon, 1 kg",246.0,26.0,10.57,838.24,32.24
VAN50A - 004,Nielsen Massey Vanilla Bean Paste 60ml (Pack of 2),246.0,4.0,1.63,96.6,24.15
VAN50A - 004 Prime,Nielsen Massey Vanilla Bean Paste 60ml (Pack of 2),246.0,43.0,17.48,1067.26,24.82
GIN02 - 001,Yutaka Sushi Gari Pickled Ginger Non-Coloured Premium 1Kg (Pack of 2),245.0,1.0,0.41,13.83,13.83
CAL04 - 020 Prime,Callebaut - W2 White - 28% Callets - 2.5kg (Sold by Parkers Foodservice) (1 Pack),244.0,31.0,12.7,1445.53,46.63
GRA16A,Essential Cuisine - No.1 Gravy - Beef Gravy Mix 1.5kg,243.0,1.0,0.41,24.25,24.25
BEA20A - 001,"Epicure Black Beans in Salted Water, 400 g (Pack of 12) – Plant-Based Protein & Fibre in Every Tin, Staple Ingredient for Tasty, Healthy Dishes",242.0,2.0,0.83,30.9,15.45
RETAIL026 - 003,"Maille Dijon Original Mustard, 215g",242.0,4.0,1.65,27.32,6.83
TAYLOR013 - 004 Prime,"Taylors of Harrogate Blackberry and Raspberry Tea, 20 Individually Wrapped & Tagged Tea Bags (- Pack of 3, 60 Tea Bags in Total)",241.0,1.0,0.41,11.58,11.58
TATESY001 - 002,Tate and lyle golden syrup 7.25kg,240.0,4.0,1.67,92.04,23.01
CLOTHM003 - 004 Prime,"Robert Scott CICS132 Microfibre Cloth, Contract, 40 cm x 40 cm, Red (Pack of 10)",239.0,32.0,13.39,280.96,8.78
CAL40 - 001 Prime,Callebaut 100% Cocoa Mass Easymelt 2.5kg,236.0,2.0,0.85,125.86,62.93
MONINT02 - 002,Monin Caramel Flavoured Sauce - 2 x 500ml,235.0,4.0,1.7,75.48,18.87
DEC012 - 001 Prime,"Mona Lisa Crispearls by Callebaut (Milk Chocolate, 1 x 800g Bag) – Resealable Velcro 800g Bag - Flavoured Coated Cereal Balls for Decorating Cakes, Cupcakes, Waffles, Crepes, Pancakes",233.0,15.0,6.44,318.75,21.25
DEC012 - 001,"Mona Lisa Crispearls by Callebaut (Milk Chocolate, 1 x 800g Bag) – Resealable Velcro 800g Bag - Flavoured Coated Cereal Balls for Decorating Cakes, Cupcakes, Waffles, Crepes, Pancakes",233.0,1.0,0.43,20.58,20.58
VAN07,Taylor & Colledge Vanilla Bean Paste 65g,233.0,3.0,1.29,31.44,10.48
CAL08A - 004,Callebaut Powerful 80 Percent Dark Chocolate Callets 2.5 kg,231.0,22.0,9.52,1323.3,60.15
GRA03 - 001,"Bisto Flavoursome & Delicious Chicken Gravy Granules For Hearty Family Mealtimes, 1.8 kg Tub (Pack of 1)",231.0,3.0,1.3,65.03,21.68
ORI92 - 001 Prime,Malay Taste Laksa Curry Paste 185g,231.0,2.0,0.87,15.14,7.57
ESS18 - 003 uk shipping,Nielsen-Massey Peppermint Extract 60 ml,231.0,3.0,1.3,23.97,7.99
ESS18 - 003,Nielsen-Massey Peppermint Extract 60 ml,231.0,50.0,21.65,414.5,8.29
CHO91 - 001,Callebaut - Callebaut Milk Chocolate Baking Chunks 2.5kg,231.0,2.0,0.87,101.24,50.62
CHO91 - 001 Prime,Callebaut - Callebaut Milk Chocolate Baking Chunks 2.5kg,231.0,10.0,4.33,511.8,51.18
Bundle - 215 Prime,Callebaut Ruby RB2 & Gold Callets Bundle – 2 x 400g | Fruity & Caramel Couverture Chocolate | 32.8% & 30.4%,230.0,31.0,13.48,825.19,26.62
Bundle - 010 Prime,Neilson Massey Extract Bundle of 6 Flavours,229.0,5.0,2.18,133.15,26.63
Bundle - 010,Neilson Massey Extract Bundle of 6 Flavours,229.0,1.0,0.44,25.91,25.91
VALRHO002,Valrhona Cacao Powder 250 g,228.0,8.0,3.51,127.44,15.93
Bundle - 138 Prime,"Belazu Bundle - Tapenade, Harissa, Tomato, Genovese, Aubergine, Truffle - (Pack of 6)",227.0,4.0,1.76,98.24,24.56
ORI52C - 001,Hanamaruki White Miso Paste - 1x1kg,227.0,9.0,3.96,90.72,10.08
PAS02 - 001,Triple Lion Professional Chef's Penne Rigate 100% Durum Wheat Semolina Pasta 3kg,227.0,6.0,2.64,59.16,9.86
TATEGR002 - 001,Tate and Lyle Fairtrade Granulated Sugar 25 kg,224.0,1.0,0.45,32.99,32.99
GRA01 - 002,Maggi Original Gravy Mix - 2x1.8kg,221.0,7.0,3.17,277.79,39.68
CHO28A - 004,Full Box of Assorted Chocolate Bars – 24 Full-Size Packs | Favourite Flavours & Textures (Snicker's 24 x 50g),221.0,3.0,1.36,66.0,22.0
TATESY001 - 005,Lyle's Golden Syrup - Pack Size = 2x7.26kg,219.0,7.0,3.2,288.54,41.22
TAYLOR009 - 003 Prime,Taylors Assam Tea Strong & Malty Black Tea - 2 x 20 Tea Bags (100 Gram),219.0,1.0,0.46,8.95,8.95
CAL04 - 009 uk shipping,"Callebaut W2NV 28% ""Select"" White Chocolate Easymelt Chips (Callets) (1 x 2.5 kg)",219.0,5.0,2.28,224.9,44.98
VIN13A Prime,Raspberry Vinegar 750ml,217.0,1.0,0.46,11.49,11.49
PEP100E - 001 Prime,Old India Cracked Black Pepper 1 Kg,212.0,1.0,0.47,16.57,16.57
THAITA006 - 001,Thai Taste Folded Rice Noodles (200g) - Pack of 2,211.0,4.0,1.9,27.24,6.81
ORI300C - 007,KTC Fried Onions 400 g,207.0,8.0,3.86,51.6,6.45
ALP01 - 002 Prime,"Alpro - Milk For Professionals - 1ltr (4, Soya)",205.0,10.0,4.88,157.35,15.74
CRI50 - 006,Pom-Bear Crisps Potato Chips 36 X 19G Full | KV&C BRANDED BOX | (Original),204.0,2.0,0.98,53.98,26.99
CRI50 - 006 Prime,Pom-Bear Crisps Potato Chips 36 X 19G Full | KV&C BRANDED BOX | (Original),204.0,28.0,13.73,772.95,27.61
NUT15E - 002,Merchant Gourmet Whole Chestnuts - 1x500g,204.0,38.0,18.63,353.09,9.29
RIC15 - 001,"Tilda Pure Basmati Rice, 5kg",202.0,1.0,0.5,22.24,22.24
CHO01B - 001 Prime,Cacao Barry - ROUGE ULTIME Cocoa Powder 1kg,202.0,21.0,10.4,480.06,22.86
VALRHO009,"Valrhona Praline Paste Baking Dessert Sauce, Almond and Hazelnut 300g",201.0,6.0,2.99,107.62,17.94
VALRHO009A,"Valrhona Praline Paste Baking Dessert Sauce, Almond and Hazelnut 300g",201.0,23.0,11.44,423.43,18.41
CLE66 - 012,Lenor Fabric Conditioner 118 Washes,200.0,4.0,2.0,63.96,15.99
GLA04 - 001 uk shipping,Essential Cuisine Chicken Glace - 1x600g,200.0,1.0,0.5,29.98,29.98
CRUSHA003,Crusha Strawberry Milkshake Mix - 1Litre,200.0,14.0,7.0,129.08,9.22
GLA04 - 001,Essential Cuisine Chicken Glace - 1x600g,200.0,3.0,1.5,92.04,30.68
GLO16A - 003 Prime,"SafeTouch 11211-XL Powder Free Blue Vinyl Gloves - Box of 100 - Extra Large,Blue",199.0,5.0,2.51,34.9,6.98
CLOTHM001 - 001 Prime,"Robert Scott CICS009G Microfibre Cloth, Contract, 40 cm x 40 cm, Green (Pack of 10)",199.0,36.0,18.09,318.86,8.86
RTS12,Essential Cuisine - The Sauce Collection - Lobster Concentrated Sauce Base 800g,197.0,2.0,1.02,64.98,32.49
CER25E - 002 Prime,Alpen The Original Muesli Sachets - 30x45g,195.0,33.0,16.92,489.32,14.83
CER25E - 002,Alpen The Original Muesli Sachets - 30x45g,195.0,2.0,1.03,30.28,15.14
FOL06 - 001,"Folkington's Tomato Juice, 12 Glass Bottles, Pure Juice, Multipack 12 x 250 ml",193.0,20.0,10.36,476.2,23.81
CHO30A - 001,"Parkers Chocolate Bulk Buy (4 Finger 24 x 41.5g Box, (Pack of 2))",193.0,4.0,2.07,145.72,36.43
FOL06 - 001 Prime,"Folkington's Tomato Juice, 12 Glass Bottles, Pure Juice, Multipack 12 x 250 ml",193.0,5.0,2.59,126.45,25.29
FIREF001 - 002 Prime,"Firefly (12 x 330ml, PEACH & GREEN TEA)",190.0,24.0,12.63,550.56,22.94
SAL21 - 003 Prime,"Le Guerandais Coarse Sea Salt In Bag, 1kg ( pack of 3)",189.0,39.0,20.63,513.24,13.16
SAL21 - 003,"Le Guerandais Coarse Sea Salt In Bag, 1kg ( pack of 3)",189.0,12.0,6.35,151.08,12.59
CAL02 - 011 Prime,"Callebaut - DARK - 811 Callets - 2.5kg (Sold by Parkers Foodservice) (1 Pack, 2500.0, gram)",188.0,12.0,6.38,602.64,50.22
CAL28AB - 001,Callebaut Ruby Chocolate Callets RB2 400g | Intense Fruity Pink Chocolate | 32.8% Cocoa,188.0,32.0,17.02,507.52,15.86
TATESY001 - 003,Lyle's Golden Syrup Poly Bottle 7.26 kg,187.0,6.0,3.21,137.76,22.96
ACC02A - 002,Golden Swan Vietnamese Prawn Crackers 1 Pack of 2kg - Light and Crispy Authentic Prawn,187.0,38.0,20.32,367.08,9.66
GLA03 - 005,Essential Cuisine Beef Glace 600g Conc St,187.0,2.0,1.07,63.96,31.98
COLAVI002 - 001 Prime,"Colavita Olive Oil (1, Colavita 100% Portuguese Extra Virgin Olive Oil)",186.0,3.0,1.61,40.23,13.41
JUI01 - 001,Lazy Lemon Juice 1 Litre (Pack of 6),184.0,13.0,7.07,305.63,23.51
FIREF003 - 002 Prime,"Firefly (12 x 330ml, KIWI, LIME & MINT)",184.0,24.0,13.04,558.0,23.25
ORI12C - 001,Biona Organic Coconut Cream 400ml (Pack of 6),180.0,6.0,3.33,121.5,20.25
CER25H - 001 Prime,Alpen No Added Sugar Muesli Sachets - 30x45g,178.0,33.0,18.54,540.13,16.37
CER25H - 001,Alpen No Added Sugar Muesli Sachets - 30x45g,178.0,2.0,1.12,29.78,14.89
ORI06B,"Lee Kum Kee Sweet and Sour Sauce, Professional Range Bulk Size, Vegan, 2.3 kg (Pack of 1)",177.0,4.0,2.26,66.16,16.54
CAMBR008 - 001,"Cambrook Hickory Smoke Seasoned Almonds Vegan, 1 kg Bag",177.0,5.0,2.82,100.8,20.16
PRETZEL001 - 002,Penn State Sour Cream & Chive Pretzels – 33 x 30g | Baked Wheat & Potato Snacks | Vegetarian | Individually Wrapped,177.0,6.0,3.39,158.31,26.38
BAK06E - 001 Prime,Dr Oetker Professional Baking Powder Gluten Free - 500g (Single),177.0,6.0,3.39,46.2,7.7
ORI06B Prime,"Lee Kum Kee Sweet and Sour Sauce, Professional Range Bulk Size, Vegan, 2.3 kg (Pack of 1)",177.0,3.0,1.69,51.36,17.12
VALRHO017 - 001 Prime,Valrhona White Baking Chocolate Chips 35% (Ivory) 1 kg,175.0,20.0,11.43,828.28,41.41
VALRHO017 - 001,Valrhona White Baking Chocolate Chips 35% (Ivory) 1 kg,175.0,4.0,2.29,163.81,40.95
ORI23B - 004 Prime,Mae Ploy Tom Yum Paste 400 g (Pack of 4),173.0,1.0,0.58,14.56,14.56
MONINT05 - 004,4 x Monin white chocolate sauce 500 ml - white Chocolate flavoured sauce,173.0,1.0,0.58,36.99,36.99
CAN06 - 002 Prime,Old Jamaica Ginger Beer 24 x 330ml,173.0,3.0,1.73,60.0,20.0
OETKER012 - 002 Prime,Dr. Oetker Scotbloc Milk Chocolate Flavoured Drops - 3kg (Single),172.0,4.0,2.33,143.96,35.99
OETKER012 - 002,Dr. Oetker Scotbloc Milk Chocolate Flavoured Drops - 3kg (Single),172.0,3.0,1.74,101.15,33.72
CRI23,"Brown Bag Crisps Beetroot, Carrot & Parsnip Veggie Crisps, 40 g (Pack of 15)",171.0,3.0,1.75,58.89,19.63
CRI23 - uk shipping,"Brown Bag Crisps Beetroot, Carrot & Parsnip Veggie Crisps, 40 g (Pack of 15)",171.0,1.0,0.58,18.28,18.28
PAS70A - 001 Prime,Pasta Reggia Riso Orzo Pasta - 1x500g,169.0,13.0,7.69,74.0,5.69
BAK13 - 001,Callebaut Hazelnut Praline Paste 1 kg,169.0,3.0,1.78,73.05,24.35
PAS70A - 001,Pasta Reggia Riso Orzo Pasta - 1x500g,169.0,12.0,7.1,59.88,4.99
JUS05C,Essential Cuisine Signature Beef Jus 1kg Box,167.0,1.0,0.6,17.31,17.31
RIC16A - 002,Tilda Easy Cook Long Grain Rice 5kg,162.0,3.0,1.85,54.12,18.04
SWE03E - 002 Prime,Busch Meringue Drops 100gm x 6,161.0,13.0,8.07,198.64,15.28
CHO60 - 001 Prime,Divine Milk Chocolate - 35 g bars (Pack of 30),161.0,3.0,1.86,98.07,32.69
SWE03E - 002,Busch Meringue Drops 100gm x 6,161.0,16.0,9.94,218.24,13.64
DEC23,Callebaut Dark Chocolate Croissant Sticks 8 cm 1.6 Kg,159.0,23.0,14.47,643.77,27.99
DEC23 uk shipping,Callebaut Dark Chocolate Croissant Sticks 8 cm 1.6 Kg,159.0,14.0,8.81,372.4,26.6
CAL02AQQ,"Saver Bundle Callebaut, 54% Dark Chocolate Chips (2 x 1kg Bundle)",158.0,18.0,11.39,815.94,45.33
WRA02 - 003,"Wrapmaster Number 4500 Cling Film Rolls, Pack of 3",157.0,2.0,1.27,72.02,36.01
JUI18A - 001 Prime,Beetroot Juice Pressed (500g) - x 2 *Twin DEAL Pack*,157.0,8.0,5.1,79.57,9.95
Bundle - 153 Prime,Thai Taste Red & Green Curry Paste 400g,157.0,9.0,5.73,100.35,11.15
MAC02A Prime,Macphie - OTT Strawberry Dessert Topping Sauce 500g,156.0,4.0,2.56,29.08,7.27
MAY21 - 001,"Parkers Lion Chipotle Mayonnaise 1 Litre, Pink",156.0,2.0,1.28,19.01,9.51
MAC02A,Macphie - OTT Strawberry Dessert Topping Sauce 500g,156.0,2.0,1.28,13.2,6.6
BUNDLE015 - 001,Monin Coffee Syrup in Tiramisu 70cl Glass Bottle & 70cl Monin Pump Set,155.0,14.0,9.03,271.32,19.38
Doves Bundle - 002 Prime,"Freee Flour Selection Pack | White Bread, Brown Bread, Self Raising White & Plain White | One of Each 1kg Pack | Free from Gluten",155.0,13.0,8.39,218.92,16.84
ESS16 - 003,Nielsen-Massey Pure Orange Extract 60 ml,155.0,3.0,1.94,24.78,8.26
WATER009 - 001,Elm Spring Still Water Glass Bottles – 24 x 330ml | Natural Mineral Water | Premium Glass Bottled Spring Water for Dining & Events,154.0,24.0,15.58,428.4,17.85
PAS07 - 001,Triple Lion Professional Chef's Spaghetti 100% Durum Wheat Semolina Pasta 3kg,154.0,7.0,4.55,69.16,9.88
PIC09A,"Kuhne Sauerkraut, 810g",153.0,1.0,0.65,6.95,6.95
CRUSHA003 - 003,"Crusha Milk Shake Syrup 1ltr (Strawberry, 1)",152.0,9.0,5.92,84.82,9.42
CRUSHA003 - 003 Prime,"Crusha Milk Shake Syrup 1ltr (Strawberry, 1)",152.0,23.0,15.13,231.02,10.04
CHU36 - 002 Prime,The Bay Tree Spicy Tomato & Onion Chutney 3kg,151.0,18.0,11.92,520.2,28.9
BUT25 - 001,Whirl Butter Substitute 4ltr,150.0,3.0,2.0,67.62,22.54
BUT25 - 001 Prime,Whirl Butter Substitute 4ltr,150.0,28.0,18.67,647.36,23.12
MED60A - 001,Squid (Cuttlefish) Ink 90g,150.0,3.0,2.0,23.73,7.91
MED60A - 001 Prime,Squid (Cuttlefish) Ink 90g,150.0,16.0,10.67,137.28,8.58
DRE02A,Cardinis Caesar Dressing 1 x 1.1 Litre,148.0,19.0,12.84,282.53,14.87
DOGBI001 - 004 Prime,"Bonio Dog Biscuits Food Original 650g, Pack of 5",148.0,1.0,0.68,20.84,20.84
CRUSHA003 - 003,"Crusha Milk Shake Syrup 1ltr (Strawberry, 1)",148.0,2.0,1.35,18.44,9.22
WRA06 - 001,"Wrapmaster GM215 Baking Parchment, Fits WM4500 or Duo (Pack of 3)",146.0,6.0,4.11,174.06,29.01
FRU16A - 001 Prime,Parkers Del Monte - Tinned MANGO Slices - 425gm,145.0,9.0,6.21,57.42,6.38
WRA04 - 002,"We Can Source It Ltd - Wrapmaster 4500 Kitchen Foil - Aluminium Foil - Foil Wrap - For Catering, Packing, Cooking, Baking, Roasting - Foil Paper - Multipurpose Silver Foil Wrap - 45cm x 90m - Box of 3",145.0,14.0,9.66,811.9,57.99
FIS10A - 002,Cooks & Co Anchovy Anchovies Fillets in Sunflower Oil Canned Fish 365g,145.0,1.0,0.69,11.82,11.82
DRE04 = 001,"Parkers Lion Blue Cheese Dressing 2.27Litres, White",145.0,30.0,20.69,470.25,15.68
FIS10A - 001,Cooks & Co Anchovy Anchovies Fillets in Sunflower Oil Canned Fish 365g,145.0,14.0,9.66,165.72,11.84
JUI06 - 001 Prime,Kulana Apple Juice 1 Litre (Pack of 12),144.0,9.0,6.25,189.0,21.0
SPI12AAAAA,Belazu Rose Harissa Paste - 130g (Pack of 6),144.0,2.0,1.39,54.62,27.31
MEA03 - 002 Prime,Hertford Corned Beef 2.72Kg,144.0,9.0,6.25,265.14,29.46
JUI06 - 001,Kulana Apple Juice 1 Litre (Pack of 12),144.0,4.0,2.78,82.68,20.67
TATEDE001A - 001,Tate and Lyle Fairtrade Demerara Sugar 25 kg,143.0,24.0,16.78,968.27,40.34
CER17A - 001 Prime,"Nestlé Shreddies, 460g",143.0,1.0,0.7,8.16,8.16
SPI12AAA,Belazu Rose Harissa 170 g (Pack of 2),141.0,3.0,2.13,33.87,11.29
CAP01B,capote capers in vinegar 9-11mm 1kg drained weight,141.0,18.0,12.77,219.24,12.18
VIN61 - 001 Prime,Forvm Cabernet Sauvignon Balsamic-Style Vinegar – 500 ml – Solera-Aged Spanish Red Wine Vinegar (8 Years),141.0,6.0,4.26,109.14,18.19
SPI12AAAAAAAA uk shipping,Belazu Rose Harissa 170 g (Pack of 2),141.0,20.0,14.18,222.0,11.1
CON12A - Prime,Lea Perrins Worcester Sauce 2Ltr,139.0,15.0,10.79,340.38,22.69
GRA04 - 003 Prime,Bisto The Original Gravy Powder 3kg,139.0,21.0,15.11,695.64,33.13
